video_id,true_label,predicted_label,raw_output,parsed_output,latency_ms
48476,0,3,SerializedNameSerializedNameSerializedNameSerializedNameSerializedNameSerializedNameSerializedNameSerializedNameSerializedNameSerializedNameSerializedNameSerializedNameSerializedNameSerializedNameSerializedNameSerializedNameSerializedNameSerializedNameSerializedNameSerializedNameSerializedNameSerializedNameSerializedNameSerializedNameSerializedNameSerializedNameSerializedNameSerializedNameSerializedNameSerializedNameSerializedNameSerializedNameSerializedNameSerializedNameSerializedNameSerializedNameSerializedNameSerializedNameSerializedNameSerializedNameSerializedNameSerializedNameSerializedNameSerializedNameSerializedNameSerializedNameSerializedNameSerializedNameSerializedNameSerializedNameSerializedNameSerializedNameSerializedNameSerializedNameryptographySerializedNameSerializedNameryptographySerializedNameryptographySerializedNameSerializedNameSerializedNameSerializedNameSerializedNameryptographyryptographyryptographyryptographyryptographyryptographyryptographyryptographyryptographyryptographySerializedNameryptographyryptographyryptographyryptographyryptographyryptographyryptographyryptographyryptographyryptographyryptographyryptographyryptographyryptographyryptographyryptographyryptographyryptographyryptographyryptographyryptographyryptographyryptographyryptographyryptographyryptographyryptographyryptographyryptographyryptographyryptographyryptographyryptographyryptographyryptographyryptographyryptographyryptographyryptographyryptographyryptographyryptographyryptographyryptographyryptographyryptographyryptographyryptographyryptographyryptographyryptographyryptographyryptographyryptographyryptographyryptographyryptographyryptographyryptographyryptographyryptographyryptographyryptographyryptographyryptographyryptographyryptographyryptographyryptographyryptographyryptographyryptographyryptographyryptographyryptographyryptographyryptographyryptographyryptographyryptographyryptographyryptographyryptographyryptographyryptographyryptographyryptographyryptographyryptographyryptographyryptographyryptographyryptographyryptographyryptographyryptographyryptographyryptographyryptographyryptographyryptographyryptographyryptographyryptographyryptographyryptographyryptographyryptographyryptographyryptographyryptographyryptographyryptographyryptographyryptographyryptographyryptographyryptographyryptographyryptographyryptographyryptographyryptographyryptographyryptographyryptographyryptographyryptographyryptographyryptographyryptographyryptographyryptographyryptographyryptographyryptographyryptographyryptographyryptographyryptographyryptographyryptographyryptographyryptographyryptographyryptographyryptographyryptographyryptographyryptographyryptographyryptographyryptographyryptographyryptographyryptographyryptographyryptographyryptographyryptographyryptographyryptographyryptographyryptographyryptographyryptographyryptographyryptographyryptographyryptographyryptographyryptographyryptographyryptographyryptographyryptographyryptographyryptographyryptographyryptography,STOP_SIGN,267461.49730682373
26696,0,3,"SerializedNameSerializedNameSerializedNameSerializedNameSerializedNameSerializedNameSerializedNameSerializedNameSerializedNameSerializedNameSerializedNameSerializedNameSerializedNameSerializedNameSerializedNameSerializedNameSerializedNameSerializedNameSerializedNameSerializedNameSerializedNameSerializedNameSerializedNameSerializedNameSerializedNameSerializedNameSerializedNameSerializedNameSerializedNameSerializedNameSerializedNameSerializedNameSerializedNameSerializedNameSerializedNameSerializedNameSerializedNameSerializedNameSerializedNameSerializedNameSerializedNameSerializedNameSerializedNameSerializedNameSerializedNameSerializedNameSerializedNameSerializedNameSerializedNameSerializedNameSerializedNameSerializedNameSerializedNameSerializedNameSerializedNameSerializedNameSerializedNameSerializedNameSerializedNameSerializedNameSerializedNameSerializedNameSerializedNameSerializedNameSerializedNameSerializedNamevnSerializedName))))
SerializedNameryptography))))
SerializedNameSerializedNameryptographySerializedNameryptographySerializedNameryptographyryptographySerializedNameryptographyryptographyryptographyryptographyryptographyryptographyryptographyryptographyryptographyryptographyryptographyryptographyryptographyryptographyryptographyryptographyryptographyryptographyryptographyryptographyryptographyryptographyryptographyryptographyryptographyryptographyryptographyryptographyryptographyryptographyryptographyryptographyryptographyryptographyryptographyryptographyryptographyryptographyryptographyryptographyryptographyryptographyryptographyryptographyryptographyryptographyryptographyryptographyryptographyryptographyryptographyryptographyryptographyryptographyryptographyryptographyryptographyryptographyryptographyryptographyryptographyryptographyryptographyryptographyryptographyryptographyryptographyryptographyryptographyryptographyryptographyryptographyryptographyryptographyryptographyryptographyryptographyryptographyryptographyryptographyryptographyryptographyryptographyryptographyryptographyryptographyryptographyryptographyryptographyryptographyryptographyryptographyryptographyryptographyryptographyryptographyryptographyryptographyryptographyryptographyryptographyryptographyryptographyryptographyryptographyryptographyryptographyryptographyryptographyryptographyryptographyryptographyryptographyryptographyryptographyryptographyryptographyryptographyryptographyryptographyryptographyryptographyryptographyryptographyryptographyryptographyryptographyryptographyryptographyryptographyryptographyryptographyryptographyryptographyryptographyryptographyryptographyryptographyryptographyryptographyryptographyryptographyryptographyryptographyryptographyryptographyryptographyryptographyryptographyryptographyryptographyryptographyryptographyryptographyryptographyryptographyryptographyryptographyryptographyryptographyryptographyryptographyryptographyryptographyryptographyryptographyryptographyryptographyryptographyryptographyryptographyryptographyryptographyryptographyryptography",STOP_SIGN,269945.8575248718
39995,0,3,SerializedNameSerializedNameSerializedNameSerializedNameSerializedNameSerializedNameSerializedNameSerializedNameSerializedNameSerializedNameSerializedNameSerializedNameSerializedNameSerializedNameSerializedNameSerializedNameSerializedNameSerializedNameSerializedNameSerializedNameSerializedNameSerializedNameSerializedNameSerializedNameSerializedNameSerializedNameSerializedNameSerializedNameSerializedNameSerializedNameSerializedNameSerializedNameSerializedNameSerializedNameSerializedName踩SerializedNameSerializedName的两薦SerializedName的两薦SerializedNameSerializedNameSerializedNameSerializedNameSerializedNameryptographyryptographyryptographyryptographyryptographyryptographyryptographyryptographyryptographyryptographyryptographyryptographyryptographyryptographyryptographyryptographyryptographyryptographyryptographyryptographyryptographyryptographyryptographyryptographyryptographyryptographyryptographyryptographyryptographyryptographyryptographyryptographyryptographyryptographyryptographyryptographyryptographyryptographyryptographyryptographyryptographyryptographyryptographyryptographyryptographyryptographyryptographyryptographyryptographyryptographyryptographyryptographyryptographyryptographyryptographyryptographyryptographyryptographyryptographyryptographyryptographyryptographyryptographyryptographyryptographyryptographyryptographyryptographyryptographyryptographyryptographyryptographyryptographyryptographyryptographyryptographyryptographyryptographyryptographyryptographyryptographyryptographyryptographyryptographyryptographyryptographyryptographyryptographyryptographyryptographyryptographyryptographyryptographyryptographyryptographyryptographyryptographyryptographyryptographyryptographyryptographyryptographyryptographyryptographyryptographyryptographyryptographyryptographyryptographyryptographyryptographyryptographyryptographyryptographyryptographyryptographyryptographyryptographyryptographyryptographyryptographyryptographyryptographyryptographyryptographyryptographyryptographyryptographyryptographyryptographyryptographyryptographyryptographyryptographyryptographyryptographyryptographyryptographyryptographyryptographyryptographyryptographyryptographyryptographyryptographyryptographyryptographyryptographyryptographyryptographyryptographyryptographyryptographyryptographyryptographyryptographyryptographyryptographyryptographyryptographyryptographyryptographyryptographyryptographyryptographyryptographyryptographyryptographyryptographyryptographyryptographyryptographyryptographyryptographyryptographyryptographyryptographyryptographyryptographyryptographyryptographyryptographyryptographyryptographyryptographyryptographyryptographyryptographyryptographyryptographyryptographyryptographyryptographyryptographyryptographyryptographyryptographyryptographyryptographyryptographyryptographyryptographyryptographyryptographyryptographyryptographyryptographyryptography,STOP_SIGN,265623.50487709045
37036,0,3,ryptographyryptographyryptographyryptographySerializedNameryptographyryptographyryptographyryptographyryptographyryptographyryptographyryptographyryptographyryptographySerializedNameSerializedNameSerializedNameSerializedNameSerializedNameSerializedNameryptographySerializedNameryptographySerializedNameSerializedNameryptographySerializedNameryptographyryptographyryptographyryptographyryptographyryptographyryptographyryptographyryptographyryptographyryptographyryptographyryptographyryptographyryptographyryptographyryptographyryptographyryptographyryptographyryptographyryptographyryptographyryptographyryptographyryptographyryptographyryptographyryptographyryptographyryptographyryptographyryptographyryptographyryptographyryptographyryptographyryptographyryptographyryptographyryptographyryptographyryptographyryptographyryptographyryptographyryptographyryptographyryptographyryptographyryptographyryptographyryptographyryptographyryptographyryptographyryptographyryptographyryptographyryptographyryptographyryptographyryptographyryptographyryptographyryptographyryptographyryptographyryptographyryptographyryptographyryptographyryptographyryptographyryptographyryptographyryptographyryptographyryptographyryptographyryptographyryptographyryptographyryptographyryptographyryptographyryptographyryptographyryptographyryptographyryptographyryptographyryptographyryptographyryptographyryptographyryptographyryptographyryptographyryptographyryptographyryptographyryptographyryptographyryptographyryptographyryptographyryptographyryptographyryptographyryptographyryptographyryptographyryptographyryptographyryptographyryptographyryptographyryptographyryptographyryptographyryptographyryptographyryptographyryptographyryptographyryptographyryptographyryptographyryptographyryptographyryptographyryptographyryptographyryptographyryptographyryptographyryptographyryptographyryptographyryptographyryptographyryptographyryptographyryptographyryptographyryptographyryptographyryptographyryptographyryptographyryptographyryptographyryptographyryptographyryptographyryptographyryptographyryptographyryptographyryptographyryptographyryptographyryptographyryptographyryptographyryptographyryptographyryptographyryptographyryptographyryptographyryptographyryptographyryptographyryptographyryptographyryptographyryptographyryptographyryptographyryptographyryptographyryptographyryptographyryptographyryptographyryptographyryptographyryptographyryptographyryptographyryptographyryptographyryptographyryptographyryptographyryptographyryptographyryptographyryptographyryptographyryptographyryptographyryptographyryptographyryptographyryptographyryptographyryptographyryptographyryptographyryptographyryptographyryptographyryptographyryptographyryptographyryptographyryptographyryptographyryptographyryptographyryptographyryptographyryptographyryptographyryptography,STOP_SIGN,264476.9694805145
46299,0,3,"SerializedNameSerializedNameSerializedNameSerializedNameSerializedNameSerializedNameSerializedNameSerializedNameSerializedNameSerializedNameSerializedNameSerializedNameSerializedNameSerializedNameSerializedNameSerializedNameSerializedNameSerializedNameSerializedNameSerializedNameSerializedNameSerializedNameSerializedNameSerializedNameSerializedNameSerializedNameSerializedNameSerializedNameSerializedNameSerializedNameSerializedNameSerializedNameSerializedNameSerializedNameSerializedName聚SerializedName聚聚聚聚聚聚聚聚SerializedNameSerializedName聚SerializedNameSerializedName聚聚聚聚聚聚聚聚聚聚聚聚聚聚聚聚聚聚聚聚聚ryptographyryptographyryptography聚聚聚聚聚聚聚聚聚聚聚聚聚ryptographyryptographyryptographyryptographyryptographyryptographyryptographyryptographyryptographyryptographyryptographyryptography聚聚ryptographyryptography聚ryptographyryptography聚聚聚ryptographyryptographyryptographyryptographyryptographyryptographyryptographyryptographyryptographyryptographyryptographyryptographyryptographyryptographyryptographyryptographyryptographyryptographyryptographyryptographyryptographyryptographyryptographyryptographyryptographyryptographyryptographyryptographyryptographyryptographyryptographyryptographyryptographyryptographyryptographyryptographyryptographyryptographyryptographyryptographyryptographyryptographyryptographyryptographyryptographyryptographyryptographyryptographyryptography聚ryptographyryptographyryptographyryptographyryptographyryptographyryptographyryptographyryptographyryptographyryptographyryptographyryptographyryptographyryptographyryptographyryptographyryptographyryptographyryptographyryptographyryptographyryptographyryptographyryptographyryptographyryptographyryptographyryptographyryptographyryptographyryptographyryptography__':
ryptographyryptographyryptographyryptographyryptographyryptographyryptographyryptographyryptographyryptographyryptographyryptographyryptographyryptographyryptographyryptographyryptographyryptographyryptographyryptographyryptographyryptographyryptographyryptographyryptographyryptographyryptographyryptographyryptographyryptographyryptographyryptographyryptographyryptographyryptographyryptographyryptographyryptographyryptographyryptographyryptographyryptographyryptographyryptographyryptographyryptographyryptographyryptographyryptographyryptographyryptographyryptographyryptographyryptographyryptographyryptographyryptographyryptographyryptographyryptographyryptographyryptographyryptography",STOP_SIGN,265408.8761806488
74390,1,3,SerializedNameSerializedNameSerializedNameSerializedNameSerializedNameSerializedNameSerializedNameSerializedNameSerializedNameSerializedNameSerializedNameSerializedNameSerializedNameSerializedNameSerializedNameSerializedNameSerializedNameSerializedNameSerializedNameSerializedNameSerializedNameSerializedNameSerializedNameSerializedNameSerializedNameSerializedNameSerializedNameSerializedNameSerializedNameSerializedNameSerializedNameSerializedNameryptographySerializedNameSerializedNameryptographySerializedNameryptographySerializedNameSerializedName隐私隐私隐私隐私ryptographyryptographyryptographyryptographyryptographyryptographyryptographyryptographyryptographyryptographyryptographyryptographyryptographyryptographyryptographyryptographyryptographyryptographyryptographyryptographyryptographyryptographyryptographyryptographyryptographyryptographyryptographyryptographyryptographyryptographyryptographyryptographyryptographyryptographyryptographyryptographyryptographyryptographyryptographyryptographyryptographyryptographyryptographyryptographyryptographyryptographyryptographyryptographyryptographyryptographyryptographyryptographyryptographyryptographyryptographyryptographyryptographyryptographyryptographyryptographyryptographyryptographyryptographyryptographyryptographyryptographyryptographyryptographyryptographyryptographyryptographyryptographyryptographyryptographyryptographyryptographyryptographyryptographyryptographyryptographyryptographyryptographyryptographyryptographyryptographyryptographyryptographyryptographyryptographyryptographyryptographyryptographyryptographyryptographyryptographyryptographyryptographyryptographyryptographyryptographyryptographyryptographyryptographyryptographyryptographyryptographyryptographyryptographyryptographyryptographyryptographyryptographyryptographyryptographyryptographyryptographyryptographyryptographyryptographyryptographyryptographyryptographyryptographyryptographyryptographyryptographyryptographyryptographyryptographyryptographyryptographyryptographyryptographyryptographyryptographyryptographyryptographyryptographyryptographyryptographyryptographyryptographyryptographyryptographyryptographyryptographyryptographyryptographyryptographyryptographyryptographyryptographyryptographyryptographyryptographyryptographyryptographyryptographyryptographyryptographyryptographyryptographyryptographyryptographyryptographyryptographyryptographyryptographyryptographyryptographyryptographyryptographyryptographyryptographyryptographyryptographyryptographyryptographyryptographyryptographyryptographyryptographyryptographyryptographyryptographyryptographyryptographyryptographyryptographyryptographyryptographyryptographyryptographyryptographyryptographyryptographyryptographyryptographyryptographyryptographyryptographyryptographyryptographyryptographyryptographyryptographyryptographyryptographyryptographyryptographyryptographyryptography,STOP_SIGN,263004.8973560333
77059,1,3,SerializedNameSerializedNameSerializedNameSerializedNameSerializedNameSerializedNameSerializedNameSerializedNameSerializedNameSerializedNameSerializedNameSerializedNameSerializedNameSerializedNameSerializedNameSerializedNameSerializedNameSerializedNameSerializedNameSerializedNameSerializedNameSerializedNameSerializedNameSerializedNameSerializedNameSerializedNameSerializedNameSerializedNameSerializedNameSerializedNameSerializedNameSerializedName.RecyclerView.RecyclerView.RecyclerView.RecyclerView.RecyclerView.RecyclerView.RecyclerView.RecyclerView.RecyclerView.RecyclerView.RecyclerView.RecyclerView.RecyclerView.RecyclerView.RecyclerView.RecyclerView.RecyclerView.RecyclerView.RecyclerView隐私隐私ryptographyryptographyryptographyryptographyryptographyryptographyryptographyryptographyryptographyryptographyryptographyryptographyryptographyryptographyryptographyryptographyryptographyryptographyryptographyryptographyryptographyryptographyryptographyryptographyryptographyryptographyryptographyryptographyryptographyryptographyryptographyryptographyryptographyryptographyryptographyryptographyryptographyryptographyryptographyryptographyryptographyryptographyryptographyryptographyryptographyryptographyryptographyryptographyryptographyryptographyryptographyryptographyryptographyryptographyryptographyryptographyryptographyryptographyryptographyryptographyryptographyryptographyryptographyryptographyryptographyryptographyryptographyryptographyryptographyryptographyryptographyryptographyryptographyryptographyryptographyryptographyryptographyryptographyryptographyryptographyryptographyryptographyryptographyryptographyryptographyryptographyryptographyryptographyryptographyryptographyryptographyryptographyryptographyryptographyryptographyryptographyryptographyryptographyryptographyryptographyryptographyryptographyryptographyryptographyryptographyryptographyryptographyryptographyryptographyryptographyryptographyryptographyryptographyryptographyryptographyryptographyryptographyryptographyryptographyryptographyryptographyryptographyryptographyryptographyryptographyryptographyryptographyryptographyryptographyryptographyryptographyryptographyryptographyryptographyryptographyryptographyryptographyryptographyryptographyryptographyryptographyryptographyryptographyryptographyryptographyryptographyryptographyryptographyryptographyryptographyryptographyryptographyryptographyryptographyryptographyryptographyryptographyryptographyryptographyryptographyryptographyryptographyryptographyryptographyryptographyryptographyryptographyryptographyryptographyryptographyryptographyryptographyryptographyryptographyryptographyryptographyryptographyryptographyryptographyryptographyryptographyryptographyryptographyryptographyryptographyryptographyryptographyryptographyryptographyryptographyryptographyryptographyryptographyryptographyryptographyryptographyryptographyryptographyryptographyryptographyryptographyryptographyryptography,STOP_SIGN,262336.6754055023
85662,1,3,SerializedName紧密SerializedNameSerializedNameSerializedNameSerializedName紧密紧密SerializedNameSerializedName紧密SerializedNameSerializedNameSerializedNameSerializedNameSerializedNameSerializedNameSerializedNameSerializedNameSerializedNameSerializedNameSerializedNameSerializedNameSerializedName紧密紧密隐私紧密紧密隐私紧密紧密紧密隐私紧密紧密紧密隐私紧密隐私隐私隐私隐私隐私隐私隐私隐私隐私隐私隐私隐私隐私隐私隐私隐私隐私隐私隐私隐私ryptography隐私隐私隐私ryptographyryptographyryptographyryptographyryptographyryptographyryptographyryptographyryptographyryptographyryptographyryptographyryptographyryptographyryptographyryptographyryptographyryptographyryptographyryptographyryptographyryptographyryptographyryptographyryptographyryptographyryptographyryptographyryptographyryptographyryptographyryptographyryptographyryptographyryptographyryptographyryptographyryptographyryptographyryptographyryptographyryptographyryptographyryptographyryptographyryptographyryptographyryptographyryptographyryptographyryptographyryptographyryptographyryptographyryptographyryptographyryptographyryptographyryptographyryptographyryptographyryptographyryptographyryptographyryptographyryptographyryptographyryptographyryptographyryptographyryptographyryptographyryptographyryptographyryptographyryptographyryptographyryptographyryptographyryptographyryptographyryptographyryptographyryptographyryptographyryptographyryptographyryptographyryptographyryptographyryptographyryptographyryptographyryptographyryptographyryptographyryptographyryptographyryptographyryptographyryptographyryptographyryptographyryptographyryptographyryptographyryptographyryptographyryptographyryptographyryptographyryptographyryptographyryptographyryptographyryptographyryptographyryptographyryptographyryptographyryptographyryptographyryptographyryptographyryptographyryptographyryptographyryptographyryptographyryptographyryptographyryptographyryptographyryptographyryptographyryptographyryptographyryptographyryptographyryptographyryptographyryptographyryptographyryptographyryptographyryptographyryptographyryptographyryptographyryptographyryptographyryptographyryptographyryptographyryptographyryptographyryptographyryptographyryptographyryptographyryptographyryptographyryptographyryptographyryptographyryptographyryptographyryptographyryptographyryptographyryptographyryptographyryptographyryptographyryptographyryptographyryptographyryptographyryptographyryptographyryptographyryptographyryptographyryptographyryptographyryptographyryptographyryptographyryptographyryptographyryptographyryptographyryptography,STOP_SIGN,261865.83876609802
120211,1,3,SerializedNameSerializedNameSerializedNameSerializedNameSerializedNameSerializedNameSerializedNameSerializedNameSerializedNameSerializedNameSerializedNameSerializedNameSerializedNameSerializedNameSerializedNameSerializedNameSerializedNameSerializedNameSerializedNameSerializedNameSerializedNameSerializedNameSerializedNameSerializedNameSerializedNameSerializedNameSerializedNameSerializedNameSerializedNameSerializedNameSerializedNameSerializedNameSerializedNameSerializedNameSerializedNameSerializedNameSerializedNameSerializedNameSerializedNameSerializedNameSerializedNameSerializedNameSerializedNameSerializedNameSerializedNameSerializedNameSerializedNameSerializedNameSerializedNameSerializedNameSerializedNameSerializedNameSerializedNameSerializedNameSerializedNameSerializedNameSerializedNameSerializedNameSerializedNameSerializedNameSerializedNameSerializedNameSerializedNameSerializedNameSerializedNameSerializedNameSerializedNameSerializedNameSerializedNameSerializedNameSerializedNameSerializedNameSerializedNameSerializedNameSerializedNameSerializedNameSerializedNameSerializedNameSerializedNameSerializedNameSerializedNameSerializedNameSerializedNameSerializedNameSerializedNameSerializedNameSerializedNameSerializedNameSerializedNameSerializedNameSerializedNameSerializedNameSerializedNameSerializedNameSerializedNameSerializedNameSerializedNameryptographySerializedNameSerializedNameryptographyryptographySerializedNameryptographySerializedNameryptographySerializedNameSerializedNameSerializedNameSerializedNameSerializedNameSerializedNameSerializedNameSerializedNameSerializedNameSerializedNameSerializedNameSerializedNameSerializedNameSerializedNameSerializedNameryptographyryptographyryptographyryptographyryptographyryptographyryptographyryptographyryptographyryptographyryptographyryptographyryptographyryptographyryptographyryptographyryptographyryptographyryptographyryptographyryptographyryptographyryptographyryptographyryptographyryptographyryptographyryptographyryptographyryptographyryptographyryptographyryptographyryptographyryptographyryptographyryptographyryptographyryptographyryptographyryptographyryptographyryptographyryptographyryptographyryptographyryptographyryptographyryptographyryptographyryptographyryptographyryptographyryptographyryptographyryptographyryptographyryptographyryptographyryptographyryptographyryptographyryptographyryptographyryptographyryptographyryptographyryptographyryptographyryptographyryptographyryptographyryptographyryptographyryptographyryptographyryptographyryptographyryptographyryptographyryptographyryptographyryptographyryptographyryptographyryptographyryptographyryptographyryptographyryptographyryptographyryptographyryptographyryptographyryptographyryptographyryptographyryptographyryptographyryptographyryptographyryptographyryptographyryptographyryptographyryptographyryptographyryptographyryptographyryptographyryptographyryptographyryptographyryptographyryptographyryptographyryptographyryptographyryptographyryptographyryptographyryptographyryptographyryptographyryptographyryptographyryptographyryptographyryptographyryptographyryptographyryptographyryptographyryptographyryptography,STOP_SIGN,261980.80253601074
112080,1,3,"SerializedNameSerializedNameSerializedNameSerializedNameSerializedNameSerializedNameSerializedNameSerializedNameSerializedNameSerializedNameSerializedNameSerializedNameSerializedNameSerializedNameSerializedNameSerializedNameSerializedNameSerializedNameSerializedNameSerializedNameSerializedNameSerializedNameSerializedNameSerializedNameSerializedNameSerializedNameSerializedNameSerializedNameSerializedNameSerializedNameSerializedNameSerializedNameSerializedNameSerializedNameSerializedNameSerializedName.ListViewSerializedNameSerializedNameSerializedNameSerializedName隐私隐私隐私隐私SerializedNameSerializedName隐私隐私隐私隐私隐私隐私隐私隐私隐私隐私隐私隐私隐私隐私隐私隐私隐私隐私隐私隐私隐私隐私隐私ryptographySerializedNamevnvnSerializedNameSerializedNameSerializedNameSerializedNameSerializedNameSerializedNameryptographyryptographyryptography聚ryptographyryptographyryptographyryptographyryptographyryptographyryptographyryptographyryptographyryptographyryptographyryptographyryptographyryptographyryptographyryptographyryptographyryptographyryptographyryptographyryptography.ListViewryptography))))
))))
))))
ryptographyryptographyryptographyryptographyryptographyryptographyryptographyryptographyryptographyryptographyryptographyryptographyryptographyryptographyryptographyryptographyryptographyryptographyryptographyryptographyryptographyryptographyryptographyryptographyryptographyryptographyryptographyryptographyryptographyryptographyryptographyryptographyryptographyryptographyryptographyryptographyryptographyryptographyryptographyryptographyryptographyryptographyryptographyryptographyryptographyryptographyryptographyryptographyryptographyryptographyryptographyryptographyryptographyryptographyryptographyryptographyryptographyryptographyryptographyryptographyryptographyryptographyryptographyryptographyryptographyryptographyryptographyryptographyryptographyryptographyryptographyryptographyryptographyryptographyryptographyryptographyryptographyryptographyryptographyryptographyryptographyryptography__':
ryptography__':
__':
ryptographyryptographyryptographyryptographyryptographyryptographyryptographyryptographyryptography__':
__':
ryptographyryptographyryptographyryptographyryptographyryptographyryptographyryptographyryptographyryptographyryptographyryptographyryptographyryptographyryptographyryptographyryptographyryptographyryptographyryptographyryptographyryptographyryptographyryptographyryptographyryptographyryptographyryptographyryptographyryptographyryptographyryptographyryptographyryptographyryptographyryptographyryptographyryptographyryptographyryptographyryptographyryptographyryptographyryptographyryptographyryptographyryptographyryptographyryptography",STOP_SIGN,262159.0814590454
34249,2,3,SerializedNameSerializedNameSerializedNameSerializedNameSerializedNameSerializedNameSerializedNameSerializedNameSerializedNameSerializedNameSerializedNameSerializedNameSerializedNameSerializedNameSerializedNameSerializedNameSerializedNameSerializedNameSerializedNameSerializedNameSerializedNameSerializedNameSerializedNameSerializedNameSerializedNameSerializedNameSerializedNameSerializedNameSerializedNameSerializedNameSerializedNameSerializedNameSerializedNameSerializedNameSerializedNameSerializedNameSerializedNameSerializedNameSerializedNameSerializedNameSerializedNameSerializedNameSerializedNameSerializedNameSerializedNameSerializedNameSerializedNameSerializedNameSerializedNameSerializedNameSerializedNameSerializedNameSerializedNameSerializedNameSerializedNameSerializedNameSerializedNameSerializedNameSerializedNameSerializedNameSerializedNameSerializedNameSerializedNameSerializedNameSerializedNameSerializedNameryptographyryptographyryptographyryptographyryptographyryptographyryptographyryptographyryptographyryptographyryptographyryptographyryptographyryptographyryptographyryptographyryptographyryptographyryptographyryptographyryptographyryptographyryptographyryptographyryptographyryptographyryptographyryptographyryptographyryptographyryptographyryptographyryptographyryptographyryptographyryptographyryptographyryptographyryptographyryptographyryptographyryptographyryptographyryptographyryptographyryptographyryptographyryptographyryptographyryptographyryptographyryptographyryptographyryptographyryptographyryptographyryptographyryptographyryptographyryptographyryptographyryptographyryptographyryptographyryptographyryptographyryptographyryptographyryptographyryptographyryptographyryptographyryptographyryptographyryptographyryptographyryptographyryptographyryptographyryptographyryptographyryptographyryptographyryptographyryptographyryptographyryptographyryptographyryptographyryptographyryptographyryptographyryptographyryptographyryptographyryptographyryptographyryptographyryptographyryptographyryptographyryptographyryptographyryptographyryptographyryptographyryptographyryptographyryptographyryptographyryptographyryptographyryptographyryptographyryptographyryptographyryptographyryptographyryptographyryptographyryptographyryptographyryptographyryptographyryptographyryptographyryptographyryptographyryptographyryptographyryptographyryptographyryptographyryptographyryptographyryptographyryptographyryptographyryptographyryptographyryptographyryptographyryptographyryptographyryptographyryptographyryptographyryptographyryptographyryptographyryptographyryptographyryptographyryptographyryptographyryptographyryptographyryptographyryptographyryptographyryptographyryptographyryptographyryptographyryptographyryptographyryptographyryptographyryptographyryptographyryptographyryptographyryptographyryptographyryptographyryptographyryptographyryptographyryptographyryptographyryptographyryptographyryptographyryptographyryptographyryptographyryptographyryptographyryptographyryptography,STOP_SIGN,261882.76386260986
107172,2,3,SerializedNameSerializedNameSerializedNameSerializedNameSerializedNameSerializedNameSerializedNameSerializedNameSerializedNameSerializedNameSerializedNameSerializedNameSerializedNameSerializedNameSerializedNameSerializedNameSerializedNameSerializedNameSerializedNameSerializedNameSerializedNameSerializedNameSerializedNameSerializedNameSerializedNameSerializedNameSerializedNameSerializedNameSerializedNameSerializedNameSerializedNameSerializedNameSerializedNameSerializedNameSerializedNameSerializedNameSerializedNameSerializedNameSerializedNameSerializedNameSerializedNameSerializedNameSerializedNameSerializedNameSerializedNameSerializedNameSerializedNameSerializedNameSerializedNameSerializedNameSerializedNameSerializedNameSerializedNameSerializedNameSerializedNameSerializedNameSerializedNameSerializedNameSerializedNameSerializedNameSerializedNameSerializedNameSerializedNameSerializedNameSerializedNameSerializedNameSerializedNameSerializedNameSerializedNameSerializedNameSerializedNameSerializedNameSerializedNameSerializedNameSerializedNameSerializedNameSerializedNameSerializedNameSerializedNameSerializedNameSerializedNameSerializedNameSerializedNameryptographyryptographyryptographyryptographyryptographyryptographyryptographyryptographyryptographyryptographyryptographyryptographyryptographySerializedNameryptographyryptographySerializedNameryptographyryptographySerializedNameSerializedNameSerializedNameSerializedNameSerializedNameSerializedNameSerializedNameryptographySerializedNameryptographySerializedNameryptographyryptographyryptographySerializedNameryptographyryptographyryptographyryptographyryptographyryptographyryptographyryptographyryptographyryptographyryptographyryptographyryptographyryptographyryptographyryptographyryptographyryptographyryptographyryptographyryptographyryptographyryptographyryptographyryptographyryptographyryptographyryptographyryptographyryptographyryptographyryptographyryptographyryptographyryptographyryptographyryptographyryptographyryptographyryptographyryptographyryptographyryptographyryptographyryptographyryptographyryptographyryptographyryptographyryptographyryptographyryptographyryptographyryptographyryptographyryptographyryptographyryptographyryptographyryptographyryptographyryptographyryptographyryptographyryptographyryptographyryptographyryptographyryptographyryptographyryptographyryptographyryptographyryptographyryptographyryptographyryptographyryptographyryptographyryptographyryptographyryptographyryptographyryptographyryptographyryptographyryptographyryptographyryptographyryptographyryptographyryptographyryptographyryptographyryptographyryptographyryptographyryptographyryptographyryptographyryptographyryptographyryptographyryptographyryptographyryptographyryptographyryptographyryptographyryptographyryptographyryptographyryptographyryptographyryptographyryptographyryptographyryptographyryptographyryptographyryptographyryptographyryptographyryptographyryptographyryptographyryptographyryptographyryptographyryptographyryptographyryptographyryptographyryptographyryptographyryptographyryptographyryptographyryptography,STOP_SIGN,261877.55155563354
115605,2,3,SerializedNameSerializedNameSerializedNameSerializedNameSerializedNameSerializedNameSerializedNameSerializedNameSerializedNameSerializedNameSerializedNameSerializedNameSerializedNameSerializedNameSerializedNameSerializedNameSerializedNameSerializedNameSerializedNameSerializedNameSerializedNameSerializedNameSerializedNameSerializedNameSerializedNameSerializedNameSerializedNameSerializedNameSerializedNameSerializedNameSerializedNameSerializedNameSerializedNameSerializedNameSerializedNameSerializedNameSerializedNameSerializedNameSerializedNameSerializedNameSerializedNameSerializedNameSerializedNameSerializedNameSerializedNameSerializedNameSerializedNameSerializedNameSerializedNameSerializedNameSerializedNameSerializedNameSerializedNameSerializedNameryptographySerializedNameSerializedNameryptographySerializedNameryptographySerializedNameSerializedNameryptographyryptographySerializedNameryptographyryptographyryptographyryptographyryptographyryptographyryptographyryptographyryptographyryptographyryptographyryptographyryptographyryptographyryptographyryptographyryptographyryptographyryptographyryptographyryptographyryptographyryptographyryptographyryptographyryptographyryptographyryptographyryptographyryptographyryptographyryptographyryptographyryptographyryptographyryptographyryptographyryptographyryptographyryptographyryptographyryptographyryptographyryptographyryptographyryptographyryptographyryptographyryptographyryptographyryptographyryptographyryptographyryptographyryptographyryptographyryptographyryptographyryptographyryptographyryptographyryptographyryptographyryptographyryptographyryptographyryptographyryptographyryptographyryptographyryptographyryptographyryptographyryptographyryptographyryptographyryptographyryptographyryptographyryptographyryptographyryptographyryptographyryptographyryptographyryptographyryptographyryptographyryptographyryptographyryptographyryptographyryptographyryptographyryptographyryptographyryptographyryptographyryptographyryptographyryptographyryptographyryptographyryptographyryptographyryptographyryptographyryptographyryptographyryptographyryptographyryptographyryptographyryptographyryptographyryptographyryptographyryptographyryptographyryptographyryptographyryptographyryptographyryptographyryptographyryptographyryptographyryptographyryptographyryptographyryptographyryptographyryptographyryptographyryptographyryptographyryptographyryptographyryptographyryptographyryptographyryptographyryptographyryptographyryptographyryptographyryptographyryptographyryptographyryptographyryptographyryptographyryptographyryptographyryptographyryptographyryptographyryptographyryptographyryptographyryptographyryptographyryptographyryptographyryptographyryptographyryptographyryptographyryptographyryptographyryptographyryptographyryptographyryptographyryptographyryptographyryptographyryptographyryptographyryptographyryptographyryptographyryptographyryptographyryptographyryptographyryptographyryptographyryptographyryptographyryptography,STOP_SIGN,261686.851978302
121065,2,3,"SerializedNameSerializedNameSerializedNameSerializedNameSerializedNameSerializedNameSerializedNameSerializedNameSerializedNameSerializedNameSerializedNameSerializedNameSerializedNameSerializedNameSerializedNameSerializedNameSerializedNameSerializedNameSerializedNameSerializedNameSerializedNameSerializedNameSerializedNameSerializedNameSerializedNameSerializedNameSerializedNameSerializedNameSerializedNameSerializedNameSerializedNameSerializedNameSerializedNameSerializedNameSerializedNameSerializedNameSerializedNameSerializedNameSerializedNameSerializedNameSerializedNameSerializedNameSerializedNameSerializedNameSerializedNameSerializedNameSerializedNameSerializedNameSerializedNameSerializedNameSerializedNameSerializedNameSerializedNameSerializedNameSerializedNameSerializedNameSerializedNameSerializedNameSerializedNameSerializedNameSerializedNameSerializedNameSerializedNameSerializedNameSerializedNameSerializedNameSerializedNameSerializedNameSerializedNameVE))))
SerializedNameSerializedNameSerializedNameSerializedNameSerializedNameSerializedNameSerializedNameSerializedNameSerializedNameSerializedNameSerializedNameSerializedNameSerializedNameryptographySerializedNameryptographySerializedNameryptographyryptographyryptographySerializedName))))
ryptographyryptographyryptographyryptographyryptography))))
ryptographyryptographyryptographyryptographyryptographyryptographyryptography))))
))))
))))
))))
))))
))))
))))
ryptography))))
ryptographyryptographyryptographyryptographyryptographyryptographyryptographyryptographyryptographyryptographyryptographyryptographyryptographyryptographyryptographyryptographyryptographyryptographyryptographyryptographyryptographyryptographyryptographyryptographyryptographyryptographyryptographyryptographyryptographyryptographyryptographyryptographyryptographyryptographyryptographyryptographyryptographyryptographyryptographyryptographyryptographyryptographyryptographyryptographyryptographyryptographyryptographyryptographyryptographyryptographyryptographyryptographyryptographyryptographyryptographyryptographyryptographyryptographyryptographyryptographyryptographyryptographyryptographyryptographyryptographyryptographyryptographyryptographyryptographyryptographyryptographyryptographyryptographyryptographyryptographyryptographyryptographyryptography__':
ryptographyryptographyryptographyryptographyryptographyryptographyryptographyryptographyryptographyryptographyryptographyryptographyryptographyryptographyryptographyryptographyryptographyryptographyryptographyryptographyryptographyryptographyryptographyryptographyryptographyryptographyryptographyryptographyryptographyryptographyryptographyryptographyryptographyryptographyryptographyryptographyryptographyryptographyryptographyryptographyryptographyryptographyryptographyryptographyryptographyryptographyryptographyryptographyryptographyryptographyryptographyryptographyryptographyryptographyryptographyryptographyryptographyryptographyryptographyryptographyryptographyryptography",STOP_SIGN,262044.5373058319
39880,2,3,"SerializedNameSerializedNameSerializedNameSerializedNameSerializedNameSerializedNameSerializedNameSerializedNameSerializedNameSerializedNameSerializedNameSerializedNameSerializedNameSerializedNameSerializedNameSerializedNameSerializedNameSerializedNameSerializedNameSerializedNameSerializedNameSerializedNameSerializedNameSerializedNameSerializedNameSerializedNameSerializedNameSerializedNameSerializedNameSerializedNameSerializedNameSerializedNameSerializedNameSerializedNameSerializedNameSerializedNameSerializedNameSerializedNameSerializedName隐私隐私SerializedNameSerializedNameSerializedNameSerializedNameSerializedNameSerializedName隐私隐私隐私隐私隐私隐私隐私隐私隐私隐私隐私隐私隐私隐私隐私隐私隐私隐私隐私隐私隐私隐私隐私隐私隐私隐私隐私隐私隐私SerializedName首首首首首首首ryptographyryptographyryptographyryptographyryptographyryptographyryptographyryptographyryptographyryptographyryptographyryptographyryptographyryptographyryptographyryptographyryptographyryptographyryptographyryptographyryptographyryptographyryptographyryptographyryptographyryptographyryptographyryptographyryptographyryptographyryptographyryptographyryptographyryptographyryptographyryptographyryptographyryptographyryptographyryptographyryptographyryptographyryptographyryptographyryptographyryptographyryptographyryptographyryptographyryptographyryptographyryptographyryptographyryptographyryptographyryptographyryptographyryptographyryptographyryptographyryptographyryptographyryptographyryptographyryptographyryptographyryptographyryptographyryptographyryptographyryptographyryptographyryptographyryptographyryptographyryptographyryptographyryptographyryptographyryptographyryptographyryptographyryptographyryptography__':
ryptography__':
__':
ryptographyryptography__':
__':
__':
ryptography__':
__':
ryptography__':
__':
ryptographyryptographyryptographyryptographyryptography__':
__':
__':
__':
__':
__':
__':
__':
__':
__':
__':
ryptographyryptographyryptography__':
__':
__':
__':
__':
__':
__':
__':
ryptographyryptographyryptographyryptographyryptographyryptographyryptographyryptographyryptographyryptographyryptographyryptographyryptographyryptographyryptographyryptographyryptographyryptographyryptographyryptographyryptographyryptographyryptographyryptographyryptographyryptographyryptographyryptographyryptographyryptographyryptographyryptographyryptographyryptographyryptographyryptographyryptographyryptographyryptographyryptographyryptographyryptographyryptographyryptographyryptographyryptography",STOP_SIGN,261938.71760368347
96617,3,3,SerializedNameSerializedNameSerializedNameSerializedNameSerializedNameSerializedNameSerializedNameSerializedNameSerializedNameSerializedNameSerializedNameSerializedNameSerializedNameSerializedNameSerializedNameSerializedNameSerializedNameSerializedNameSerializedNameSerializedNameSerializedNameSerializedNameSerializedNameSerializedNameSerializedNameSerializedNameSerializedNameSerializedNameSerializedNameSerializedNameSerializedNameSerializedNameSerializedNameSerializedNameSerializedNameSerializedNameSerializedNameSerializedNameSerializedNameSerializedNameSerializedNameSerializedNameSerializedNameSerializedNameSerializedNameSerializedNameSerializedNameSerializedNameSerializedNameSerializedNameSerializedNameSerializedNameSerializedNameSerializedNameSerializedNameSerializedNameSerializedNameSerializedNameSerializedNameSerializedNameSerializedNameSerializedNameSerializedNameryptographyvnvnvn/wwwryptographyryptographyryptographyryptographyryptographyryptographyryptographyryptographyryptographyryptographyryptographyryptographyryptographyryptographyryptographyryptographyryptographyryptographyryptographyryptographyryptographyryptographyryptographyryptographyryptographyryptographyryptographyryptographyryptographyryptographyryptographyryptographyryptographyryptographyryptographyryptographyryptographyryptographyryptographyryptographyryptographyryptographyryptographyryptographyryptographyryptographyryptographyryptographyryptographyryptographyryptographyryptographyryptographyryptographyryptographyryptographyryptographyryptographyryptographyryptographyryptographyryptographyryptographyryptographyryptographyryptographyryptographyryptographyryptographyryptographyryptographyryptographyryptographyryptographyryptographyryptographyryptographyryptographyryptographyryptographyryptographyryptographyryptographyryptographyryptographyryptographyryptographyryptographyryptographyryptographyryptographyryptographyryptographyryptographyryptographyryptographyryptographyryptographyryptographyryptographyryptographyryptographyryptographyryptographyryptographyryptographyryptographyryptographyryptographyryptographyryptographyryptographyryptographyryptographyryptographyryptographyryptographyryptographyryptographyryptographyryptographyryptographyryptographyryptographyryptographyryptographyryptographyryptographyryptographyryptographyryptographyryptographyryptographyryptographyryptographyryptographyryptographyryptographyryptographyryptographyryptographyryptographyryptographyryptographyryptographyryptographyryptographyryptographyryptographyryptographyryptographyryptographyryptographyryptographyryptographyryptographyryptographyryptographyryptographyryptographyryptographyryptographyryptographyryptographyryptographyryptographyryptographyryptographyryptographyryptographyryptographyryptographyryptographyryptographyryptographyryptographyryptographyryptographyryptographyryptographyryptographyryptographyryptographyryptographyryptographyryptographyryptographyryptography,STOP_SIGN,261989.4859790802
41419,3,3,"SerializedNameSerializedNameSerializedNameSerializedNameSerializedNameSerializedNameSerializedNameSerializedNameSerializedNameSerializedNameSerializedNameSerializedNameSerializedNameSerializedNameSerializedNameSerializedNameSerializedNameSerializedNameSerializedNameSerializedNameSerializedNameSerializedNameSerializedNameSerializedNameSerializedNameSerializedName隐私SerializedNameSerializedNameSerializedName隐私隐私())))
())))
())))
的两隐私隐私隐私隐私隐私隐私())))
隐私隐私())))
隐私隐私隐私隐私隐私隐私隐私隐私隐私隐私隐私隐私隐私隐私隐私隐私隐私隐私隐私隐私隐私ryptography隐私ryptographyryptographyryptographyryptographyryptographyryptographyryptographyryptographyryptographyryptographyryptographyryptographyryptographyryptographyryptographyryptographyryptographyryptographyryptographyryptographyryptographyryptographyryptographyryptographyryptographyryptographyryptographyryptographyryptographyryptographyryptographyryptographyryptographyryptographyryptographyryptographyryptographyryptographyryptographyryptographyryptographyryptographyryptographyryptographyryptographyryptographyryptographyryptographyryptographyryptographyryptographyryptographyryptographyryptographyryptographyryptographyryptographyryptographyryptographyryptographyryptographyryptographyryptographyryptographyryptographyryptographyryptographyryptographyryptographyryptographyryptographyryptographyryptographyryptographyryptographyryptographyryptographyryptographyryptographyryptographyryptographyryptographyryptographyryptographyryptographyryptographyryptographyryptographyryptographyryptographyryptographyryptographyryptographyryptographyryptographyryptographyryptographyryptographyryptographyryptographyryptographyryptographyryptographyryptographyryptographyryptographyryptographyryptographyryptographyryptographyryptographyryptographyryptographyryptographyryptographyryptographyryptographyryptographyryptographyryptographyryptographyryptographyryptographyryptographyryptographyryptographyryptographyryptographyryptographyryptographyryptographyryptographyryptographyryptographyryptographyryptographyryptographyryptographyryptographyryptographyryptographyryptographyryptographyryptographyryptographyryptographyryptographyryptographyryptographyryptographyryptographyryptographyryptographyryptographyryptographyryptographyryptographyryptographyryptographyryptographyryptographyryptographyryptographyryptographyryptographyryptographyryptographyryptographyryptographyryptographyryptographyryptographyryptographyryptographyryptographyryptographyryptographyryptographyryptographyryptographyryptographyryptographyryptographyryptographyryptographyryptographyryptography",STOP_SIGN,262155.10725975037
144061,3,3,SerializedNameSerializedNameSerializedNameSerializedNameSerializedNameSerializedNameSerializedNameSerializedNameSerializedNameSerializedNameSerializedNameSerializedNameSerializedNameSerializedNameSerializedNameSerializedNameSerializedNameSerializedNameSerializedNameSerializedNameSerializedNameSerializedNameSerializedNameSerializedNameSerializedNameSerializedNameSerializedNameSerializedNameSerializedNameSerializedNameSerializedNameSerializedNameSerializedNameSerializedNameSerializedNameSerializedNameSerializedNameSerializedNameSerializedNameSerializedNameryptographySerializedNameryptographySerializedNameSerializedNameryptographySerializedNameryptographyryptographyryptographyryptographyryptographyryptographyryptographyryptographyryptographyryptographyryptographyryptographyryptographyryptographyryptographyryptographyryptographyryptographyryptographyryptographyryptographyryptographyryptographyryptographyryptographyryptographyryptographyryptographyryptographyryptographyryptographyryptographyryptographyryptographyryptographyryptographyryptographyryptographyryptographyryptographyryptographyryptographyryptographyryptographyryptographyryptographyryptographyryptographyryptographyryptographyryptographyryptographyryptographyryptographyryptographyryptographyryptographyryptographyryptographyryptographyryptographyryptographyryptographyryptographyryptographyryptographyryptographyryptographyryptographyryptographyryptographyryptographyryptographyryptographyryptographyryptographyryptographyryptographyryptographyryptographyryptographyryptographyryptographyryptographyryptographyryptographyryptographyryptographyryptographyryptographyryptographyryptographyryptographyryptographyryptographyryptographyryptographyryptographyryptographyryptographyryptographyryptographyryptographyryptographyryptographyryptographyryptographyryptographyryptographyryptographyryptographyryptographyryptographyryptographyryptographyryptographyryptographyryptographyryptographyryptographyryptographyryptographyryptographyryptographyryptographyryptographyryptographyryptographyryptographyryptographyryptographyryptographyryptographyryptographyryptographyryptographyryptographyryptographyryptographyryptographyryptographyryptographyryptographyryptographyryptographyryptographyryptographyryptographyryptographyryptographyryptographyryptographyryptographyryptographyryptographyryptographyryptographyryptographyryptographyryptographyryptographyryptographyryptographyryptographyryptographyryptographyryptographyryptographyryptographyryptographyryptographyryptographyryptographyryptographyryptographyryptographyryptographyryptographyryptographyryptographyryptographyryptographyryptographyryptographyryptographyryptographyryptographyryptographyryptographyryptographyryptographyryptographyryptographyryptographyryptographyryptographyryptographyryptographyryptographyryptographyryptographyryptographyryptographyryptographyryptographyryptographyryptographyryptographyryptography,STOP_SIGN,262463.1929397583
2914,3,3, Dense Dense/www/www/www/www/www的两的两的两/www的两的两pan的两的两的两panSerializedNameSerializedName.ListView的两的两的两的两的两的两的两的两的两的两的两的两的两的两的两的两的两的两的两的两的两的两的两的两的两的两的两的两的两的两的两的两的两的两的两ryptographyombreryptographyryptographyryptographyryptographyryptographyryptographyryptographyryptographyryptographyryptographyryptographyryptographyryptographyryptographyryptographyryptographyryptographyryptographyryptographyryptographyryptographyryptographyryptographyryptographyryptographyryptographyryptographyryptographyryptographyryptographyryptographyryptographyryptographyryptographyryptographyryptographyryptographyryptographyryptographyryptographyryptographyryptographyryptographyryptographyryptographyryptographyryptographyryptographyryptographyryptographyryptographyryptographyryptographyryptographyryptographyryptographyryptographyryptographyryptographyryptographyryptographyryptographyryptographyryptographyryptographyryptographyryptographyryptographyryptographyryptographyryptographyryptographyryptographyryptographyryptographyryptographyryptographyryptographyryptographyryptographyryptographyryptographyryptographyryptographyryptographyryptographyryptographyryptographyryptographyryptographyryptographyryptographyryptographyryptographyryptographyryptographyryptographyryptographyryptographyryptographyryptographyryptographyryptographyryptographyryptographyryptographyryptographyryptographyryptographyryptographyryptographyryptographyryptographyryptographyryptographyryptographyryptographyryptographyryptographyryptographyryptographyryptographyryptographyryptographyryptographyryptographyryptographyryptographyryptographyryptographyryptographyryptographyryptographyryptographyryptographyryptographyryptographyryptographyryptographyryptographyryptographyryptographyryptographyryptographyryptographyryptographyryptographyryptographyryptographyryptographyryptographyryptographyryptographyryptographyryptographyryptographyryptographyryptographyryptographyryptographyryptographyryptographyryptographyryptographyryptographyryptographyryptographyryptographyryptographyryptographyryptographyryptographyryptographyryptographyryptographyryptographyryptographyryptographyryptographyryptographyryptographyryptographyryptographyryptographyryptographyryptographyryptographyryptographyryptographyryptographyryptographyryptographyryptographyryptographyryptographyryptographyryptographyryptography,STOP_SIGN,261953.92179489136
41812,3,3,SerializedNameSerializedNameSerializedNameSerializedNameSerializedNameSerializedNameSerializedNameSerializedNameSerializedNameSerializedNameSerializedNameSerializedNameSerializedNameSerializedNameSerializedNameSerializedNameSerializedNameSerializedNameSerializedNameSerializedNameSerializedNameSerializedNameSerializedNameSerializedNameSerializedNameSerializedNameSerializedNameSerializedNameSerializedNameSerializedNameSerializedNameSerializedNameSerializedNameSerializedNameSerializedNameSerializedNameryptographySerializedNameryptographySerializedNameryptographySerializedNameryptographyryptographyryptographyryptographyryptographyryptographyryptographyryptographyryptographyryptographyryptographyryptographyryptographyryptographyryptographyryptographyryptographyryptographyryptographyryptographyryptographyryptographyryptographyryptographyryptographyryptographyryptographyryptographyryptographyryptographyryptographyryptographyryptographyryptographyryptographyryptographyryptographyryptographyryptographyryptographyryptographyryptographyryptographyryptographyryptographyryptographyryptographyryptographyryptographyryptographyryptographyryptographyryptographyryptographyryptographyryptographyryptographyryptographyryptographyryptographyryptographyryptographyryptographyryptographyryptographyryptographyryptographyryptographyryptographyryptographyryptographyryptographyryptographyryptographyryptographyryptographyryptographyryptographyryptographyryptographyryptographyryptographyryptographyryptographyryptographyryptographyryptographyryptographyryptographyryptographyryptographyryptographyryptographyryptographyryptographyryptographyryptographyryptographyryptographyryptographyryptographyryptographyryptographyryptographyryptographyryptographyryptographyryptographyryptographyryptographyryptographyryptographyryptographyryptographyryptographyryptographyryptographyryptographyryptographyryptographyryptographyryptographyryptographyryptographyryptographyryptographyryptographyryptographyryptographyryptographyryptographyryptographyryptographyryptographyryptographyryptographyryptographyryptographyryptographyryptographyryptographyryptographyryptographyryptographyryptographyryptographyryptographyryptographyryptographyryptographyryptographyryptographyryptographyryptographyryptographyryptographyryptographyryptographyryptographyryptographyryptographyryptographyryptographyryptographyryptographyryptographyryptographyryptographyryptographyryptographyryptographyryptographyryptographyryptographyryptographyryptographyryptographyryptographyryptographyryptographyryptographyryptographyryptographyryptographyryptographyryptographyryptographyryptographyryptographyryptographyryptographyryptographyryptographyryptographyryptographyryptographyryptographyryptographyryptographyryptographyryptographyryptographyryptographyryptographyryptographyryptographyryptographyryptographyryptographyryptographyryptographyryptographyryptographyryptography,STOP_SIGN,262158.56885910034
